{
  "creds": {
    "noiseKey": {
      "private": {
        "type": "Buffer",
        "data": "uJgygskOc7wnJrTJiQSCIAAHXD3wnqAt2gY27A0q71I="
      },
      "public": {
        "type": "Buffer",
        "data": "y2/SfhG4XQrcbWb19CaHaDbTCoHm5AafOXcAdpCPlXQ="
      }
    },
    "signedIdentityKey": {
      "private": {
        "type": "Buffer",
        "data": "6HeoLjvHmn8+dgFL347q35A77rONu5opYpYFexeYu3Y="
      },
      "public": {
        "type": "Buffer",
        "data": "9Bj9fOMtyvISOI4Njh0NJrXJeGSw4T6q0Fng6JHTzmw="
      }
    },
    "signedPreKey": {
      "keyPair": {
        "private": {
          "type": "Buffer",
          "data": "oJ/aI2p3AKu4esaHZP2V1aSnlB6pbTKz5qGVP4IrX0I="
        },
        "public": {
          "type": "Buffer",
          "data": "6aEwXSPGgoHP6l26jdO6BqmJAy5bgogY95u10EqpHHo="
        }
      },
      "signature": {
        "type": "Buffer",
        "data": "oZn0MkDpOF3ET4KE37etw13WBz/sLHvJ9arfLvN+n0/H14OxgWjwTs4v3yk0cOZU1APautxnDRDLBSdKpPLXDg=="
      },
      "keyId": 1
    },
    "registrationId": 204,
    "advSecretKey": "fWGp+KrdVixjlVMy4mAJtMOpdA+gJ1C8u1ZW8y4GW5g=",
    "processedHistoryMessages": [
      {
        "key": {
          "remoteJid": "6281775468889@s.whatsapp.net",
          "fromMe": true,
          "id": "3AA39C1ABC48ADD92E4919A9214324CD"
        },
        "messageTimestamp": 1676953329
      },
      {
        "key": {
          "remoteJid": "6281775468889@s.whatsapp.net",
          "fromMe": true,
          "id": "1BA1DE30A572D2194EB0646EE0128251"
        },
        "messageTimestamp": 1676953330
      },
      {
        "key": {
          "remoteJid": "6281775468889@s.whatsapp.net",
          "fromMe": true,
          "id": "30C88F9A9CB4972D611492B0989427F6"
        },
        "messageTimestamp": 1676953332
      }
    ],
    "nextPreKeyId": 36,
    "firstUnuploadedPreKeyId": 36,
    "accountSettings": {
      "unarchiveChats": false
    },
    "account": {
      "details": "CKDP5dgDEO2N0Z8GGAM=",
      "accountSignatureKey": "ZEck+gyHgsz74BCsS7nPmSdMeyYsi800YNQb2r18QHU=",
      "accountSignature": "3oGv9SwXm3jckWSfythxLnwmOJHtoj6iaEQqfaYtDFbDsThOKg+r+hnyPWGa5goB+7x9lpNuxuk3o0z/x9YcCw==",
      "deviceSignature": "Vm603QE569XMfILJNybygbF6jEkAJCFlgKjUu747KO0f2SMPZFqhZjRIU/930TM5MaYFRerI+LKYES2EKK5lDA=="
    },
    "me": {
      "id": "6281775468889:3@s.whatsapp.net",
      "name": "BotFaw"
    },
    "signalIdentities": [
      {
        "identifier": {
          "name": "6281775468889:3@s.whatsapp.net",
          "deviceId": 0
        },
        "identifierKey": {
          "type": "Buffer",
          "data": "BWRHJPoMh4LM++AQrEu5z5knTHsmLIvNNGDUG9q9fEB1"
        }
      }
    ],
    "platform": "android",
    "lastAccountSyncTimestamp": 1676954565,
    "myAppStateKeyId": "AAAAAJox"
  },
  "keys": {
    "preKeys": {
      "1": {
        "private": {
          "type": "Buffer",
          "data": "kIh1aKuSjWhGrqb2tncIYFnFtM9ney5uXBr28sOKfnE="
        },
        "public": {
          "type": "Buffer",
          "data": "iY70qOK1KBtWW8GVnVOCsZZVoYNxz5V1sdW4m4yNOys="
        }
      },
      "2": {
        "private": {
          "type": "Buffer",
          "data": "aHFBp2/Q1PiaIWlyKbGJDnUPxSXBzcPS2ZLFnq8f4Vk="
        },
        "public": {
          "type": "Buffer",
          "data": "LJfK/r+RM9Rahngc0N02cWOHutWnOn4D9rD6VhNfZXs="
        }
      },
      "3": {
        "private": {
          "type": "Buffer",
          "data": "kEpkEHpPf/Qi7wEPbPQ7AaScVbt7RJDVQ9BvNxDEIUE="
        },
        "public": {
          "type": "Buffer",
          "data": "nIonaEqIqbsoejvYkRHxMvOH+8BHTkfnRSKvgNrOkAM="
        }
      },
      "4": {
        "private": {
          "type": "Buffer",
          "data": "aGIbLRisk4G+C4uqLvCsNYCBMVeE6PoCfeSetch7vE8="
        },
        "public": {
          "type": "Buffer",
          "data": "8TD6qDnSjegCHQqvNTWbE89gHOKFCllj/wTpg2Nj3gU="
        }
      },
      "5": {
        "private": {
          "type": "Buffer",
          "data": "MHmBTCRFRUNZBa+2fC5IAbiGkmY37S91s/RVoWO5bGM="
        },
        "public": {
          "type": "Buffer",
          "data": "FvAl1Y+bcbJQved8J4NefbvGQilDExvh3EZkQ8lH+DA="
        }
      },
      "6": {
        "private": {
          "type": "Buffer",
          "data": "8FEnmgkwy0m5oBjuAfouA0DO7Vbis47wGHhF4fHunVg="
        },
        "public": {
          "type": "Buffer",
          "data": "7bnnlCXOjJc1134MS7D59Qxu8rKLZaBu6ZjD4YpCmH4="
        }
      },
      "7": null,
      "8": {
        "private": {
          "type": "Buffer",
          "data": "+EyC+1V4OOtB8Mh1a8gGb4n1oUyusQ/TbHIv/otT6Hw="
        },
        "public": {
          "type": "Buffer",
          "data": "4DOn2oWGRk4Lh9FYu5LOhfTMXHGU2mao10jLTX0EVVw="
        }
      },
      "9": {
        "private": {
          "type": "Buffer",
          "data": "cK6J4zFgb0OU5sbeO5xwXYLiPoubeUpnK4TB+LdJzmY="
        },
        "public": {
          "type": "Buffer",
          "data": "nN/4QYhKK0K2JoU+Yh6h5sOXE+YBJOv/+Foe/7YPEEA="
        }
      },
      "10": {
        "private": {
          "type": "Buffer",
          "data": "aBjkkskcIbie7I4ftoNkURvbkc+ICKf2G2aaCSJPp30="
        },
        "public": {
          "type": "Buffer",
          "data": "Li+lxcn8PuL2C2Xw8PgfHAEmGnpmG/Q+1zXsXTbUuyM="
        }
      },
      "11": {
        "private": {
          "type": "Buffer",
          "data": "CMlVHsVrquLBVpIWBga4YFFlPgOU23QrudHwSHr17Ew="
        },
        "public": {
          "type": "Buffer",
          "data": "b5EzAOm7frcVfKcswc4cflR5M9L/kiyOX731trl6sEs="
        }
      },
      "12": {
        "private": {
          "type": "Buffer",
          "data": "KP7fjxusi6nBAtdjJaeAG8sNjaxRHXOkTNnAUvMZHnw="
        },
        "public": {
          "type": "Buffer",
          "data": "hUtmPQPAUoQ6MVN8FDVruANNEfWa18ZVkLYNI41H9zU="
        }
      },
      "13": {
        "private": {
          "type": "Buffer",
          "data": "aCOpiqAWJQLWXdBIiPCkov65zaBxPiOe158F9t8rE0Q="
        },
        "public": {
          "type": "Buffer",
          "data": "SlC/d7ET3f1PgnCW8SN9RhaVMShwEKIEuzReo/q8hTc="
        }
      },
      "14": {
        "private": {
          "type": "Buffer",
          "data": "UIFDRmSFS1IoukLveDe5fVyJj972aq6AKn5D1NvBvnw="
        },
        "public": {
          "type": "Buffer",
          "data": "u3U6GZ0N7wKZ/WcRmT16oHtloA12zWS7jSvrE+7xxlE="
        }
      },
      "15": {
        "private": {
          "type": "Buffer",
          "data": "kIFB5SRKxX4I8gabgUxPhGEnWVtptPEX7iNuLnxqhk8="
        },
        "public": {
          "type": "Buffer",
          "data": "EMSd7AmEU9vNt0COfCpw3Az2/O+IZDel29NL/bO49hE="
        }
      },
      "16": {
        "private": {
          "type": "Buffer",
          "data": "CFEVS/6NUtq2Buy9Wzxioy6JsogADfQSol2B0G7HCkM="
        },
        "public": {
          "type": "Buffer",
          "data": "d+1Aszkpz1xUECCobzCiYYnCG10qVFM1eEp+0a1LtUw="
        }
      },
      "17": {
        "private": {
          "type": "Buffer",
          "data": "+L48OIGUq/1jIL+oqfsp2Xc8TCveKcyxq5nXmzDgPUM="
        },
        "public": {
          "type": "Buffer",
          "data": "0EckelKj1plHKXmvMc/0zaUbea+kJOlJ8IzEGTVLpis="
        }
      },
      "18": {
        "private": {
          "type": "Buffer",
          "data": "sAfdpuPtWNSsXwFKkj03m5WhAg42xAByu/M+uEkpIXc="
        },
        "public": {
          "type": "Buffer",
          "data": "nXAsdgkb3jwdy731G0TvWKPgXmDUj8mdUxXxNwDL9Bk="
        }
      },
      "19": {
        "private": {
          "type": "Buffer",
          "data": "kPOfvBeDo1ZPbSBD29dTazptLqzdZBsnMlhVWjLbs0o="
        },
        "public": {
          "type": "Buffer",
          "data": "jpyqaLQXUCakw6igm/UF/Gz3LzKlTea2KIZh2xY8k0Q="
        }
      },
      "20": {
        "private": {
          "type": "Buffer",
          "data": "kO4GddAUyFbliSWPZXdKvj9Xu7UZDqIrCdo3OWZkX1Q="
        },
        "public": {
          "type": "Buffer",
          "data": "DP3rMeQlPUknFU1HsmAIdevRIP1R6u8sPNVtYD16Rgg="
        }
      },
      "21": {
        "private": {
          "type": "Buffer",
          "data": "QE0IosxXIvKRqg2wouBfpBA38GAVk/2XkDY4gaWduW0="
        },
        "public": {
          "type": "Buffer",
          "data": "Dq5Ouqg4bkFh6ygI5kbuiHsEoahqikOyBoQe3+63iHM="
        }
      },
      "22": {
        "private": {
          "type": "Buffer",
          "data": "YA8LmE+cT4ffTiMmFdLIqZdeszlHI6Lsk35iQCS+Bks="
        },
        "public": {
          "type": "Buffer",
          "data": "KQHib4BnRZxKChvXT+p5k78UdzehTVQCg6QXkKWBul4="
        }
      },
      "23": {
        "private": {
          "type": "Buffer",
          "data": "eKQk+K7WC8kw23d6Bf7bZcNbGy+iTfVwdXT1utTiPmE="
        },
        "public": {
          "type": "Buffer",
          "data": "z7hc0vWu9CJhkEEbBp8Bm48to2cAEV6S/beAhzQRgyE="
        }
      },
      "24": {
        "private": {
          "type": "Buffer",
          "data": "EO5j1mZlSA8uMTRWnszRnq8PD1/Ba4fWFRTLrjfIk0c="
        },
        "public": {
          "type": "Buffer",
          "data": "j2jhU0yul97+7ZjB0oP3QOu6Yulr39lm7aJCHmwukTM="
        }
      },
      "25": null,
      "26": {
        "private": {
          "type": "Buffer",
          "data": "yLRdeJ9TdwyTxxG6CGhN3Vkec9uXz4dg3BT+27GfUVU="
        },
        "public": {
          "type": "Buffer",
          "data": "+ga3oiWs2ejVYciY/dX5UuxUcjurm9NkadNoKURBoSM="
        }
      },
      "27": {
        "private": {
          "type": "Buffer",
          "data": "sEC8WfrRakoQ3Ut7MTS3AszVqN/5TE12IKaW1O4yMkY="
        },
        "public": {
          "type": "Buffer",
          "data": "vQ733O/huS5q6SV7zBMIUWp6PS7hY6yRnfwMn7wmR28="
        }
      },
      "28": {
        "private": {
          "type": "Buffer",
          "data": "WHp34ENwtq23x/VnG0BR+GUX7ZAbH6sp8MsPn3ZJVEw="
        },
        "public": {
          "type": "Buffer",
          "data": "MTT+R3Aow9mIfpLgM4hga6+gVvTg7ich6N8mQXBMqCs="
        }
      },
      "29": {
        "private": {
          "type": "Buffer",
          "data": "KBjoC0cvhK7y3xu93D2/yM08sbVWh9wtGfMw51iGmmI="
        },
        "public": {
          "type": "Buffer",
          "data": "L/fgsFzNkebtJPaO+8NQez5wWdxNAZD5WPYeZPf10Uk="
        }
      },
      "30": {
        "private": {
          "type": "Buffer",
          "data": "qJs08hF4dOMw0n0ZRtJwOn3FG4evbBTYAXelBF/QPmc="
        },
        "public": {
          "type": "Buffer",
          "data": "4CCsTDvyVol6tYZxQwwfKDt0dmCvNlKfZTXTrt93oxA="
        }
      },
      "31": null,
      "32": null,
      "33": null,
      "34": {
        "private": {
          "type": "Buffer",
          "data": "uG/iz+48VmPmbkX6NiTr64pTJEzZPFNhPLFKREG3Jns="
        },
        "public": {
          "type": "Buffer",
          "data": "7Xw3T160CxN7EMnVASxPdsS8/RzkjYmo2Gb+4wQr3Ak="
        }
      },
      "35": null
    },
    "sessions": {
      "6281775468889.0": {
        "_sessions": {
          "BSqZnygp6RL4Uoo1zZ94gLSf5ZI8XW0x9y0OU6u7NXtm": {
            "registrationId": 2012013494,
            "currentRatchet": {
              "ephemeralKeyPair": {
                "pubKey": "BalT48xSkxqy091ktZYbzkR4lwQnYoUp5k3NfCGoN+N2",
                "privKey": "8NXVuYveGPMxaKlRjj3hE3+1FiMHvIwfb4tM0rTxMGc="
              },
              "lastRemoteEphemeralKey": "BSOvrXgRojxIwP2bv7d/A2A2o/qfbJrTyajXaql8tiJ3",
              "previousCounter": 0,
              "rootKey": "aq4TmVqeM5Zy/H/QFR/57nJm0TdDNU1+Yjx2qKHKOHA="
            },
            "indexInfo": {
              "baseKey": "BSqZnygp6RL4Uoo1zZ94gLSf5ZI8XW0x9y0OU6u7NXtm",
              "baseKeyType": 2,
              "closed": 1676963973643,
              "used": 1676953341453,
              "created": 1676953341453,
              "remoteIdentityKey": "BWRHJPoMh4LM++AQrEu5z5knTHsmLIvNNGDUG9q9fEB1"
            },
            "_chains": {
              "BSOvrXgRojxIwP2bv7d/A2A2o/qfbJrTyajXaql8tiJ3": {
                "chainKey": {
                  "counter": 7,
                  "key": "pUDTM+349cX8dlZCUaHXNQ4pcnLZD1Da8oD6bUh/gA0="
                },
                "chainType": 2,
                "messageKeys": {}
              },
              "BalT48xSkxqy091ktZYbzkR4lwQnYoUp5k3NfCGoN+N2": {
                "chainKey": {
                  "counter": 28,
                  "key": "0ivuvUWNgXgjfwcTRIMjF4fHNwnTKyXlA/6jaeMX9AA="
                },
                "chainType": 1,
                "messageKeys": {}
              }
            }
          },
          "BYC5tXab82aKEabZWXIr6n4iImdIKbtGxCvkQ9QMFk4S": {
            "registrationId": 2012013494,
            "currentRatchet": {
              "ephemeralKeyPair": {
                "pubKey": "BcF9J4MwWRbQaTs5Frb2z1mvRZeWZ8mFLkPB8OVJZSV1",
                "privKey": "8Na9KD0GXWlE3lU2QIgGMkpeR0FeVgIkmg1IoE4Vqkk="
              },
              "lastRemoteEphemeralKey": "BcNN6LHeRCLVn7HXOmYt2LsuHmrIS+HQER5od4WDowJb",
              "previousCounter": 0,
              "rootKey": "yed1WClB3v1kQVejcpKyZDyRkIsSJyHofuk5PecWtcQ="
            },
            "indexInfo": {
              "baseKey": "BYC5tXab82aKEabZWXIr6n4iImdIKbtGxCvkQ9QMFk4S",
              "baseKeyType": 2,
              "closed": 1676963973750,
              "used": 1676963973671,
              "created": 1676963973670,
              "remoteIdentityKey": "BWRHJPoMh4LM++AQrEu5z5knTHsmLIvNNGDUG9q9fEB1"
            },
            "_chains": {
              "BcNN6LHeRCLVn7HXOmYt2LsuHmrIS+HQER5od4WDowJb": {
                "chainKey": {
                  "counter": 0,
                  "key": "6LCm6kWVN3gBE+6/ictWwaq1sb3oliLUPsRJltSSq/s="
                },
                "chainType": 2,
                "messageKeys": {}
              },
              "BcF9J4MwWRbQaTs5Frb2z1mvRZeWZ8mFLkPB8OVJZSV1": {
                "chainKey": {
                  "counter": -1,
                  "key": "5m9U0W8COBZwy7m5iEckvByIpY+jO+l5hRhaiD9Wn1A="
                },
                "chainType": 1,
                "messageKeys": {}
              }
            }
          },
          "BVLBMqmkxDdFfZTUaYe/Mn1B/yl1ZtbtKvEm9pRugThf": {
            "registrationId": 2012013494,
            "currentRatchet": {
              "ephemeralKeyPair": {
                "pubKey": "BX1DzXoidgcrafxa7YahzGWWZDht3DWxbjQraaVPNCM9",
                "privKey": "SE8a6laHy6qpgqcpo9y5T+NDxJ67lF3Ft0Q9JFVtylA="
              },
              "lastRemoteEphemeralKey": "BdagW+FXZllKHMnKEQ0ZCbGWVi/H5Ghf5wagH8xHRSh/",
              "previousCounter": 0,
              "rootKey": "32BhmVh3iV/cQ35mNGOY7fy1vaX/mMN8hGnaPUUtX+M="
            },
            "indexInfo": {
              "baseKey": "BVLBMqmkxDdFfZTUaYe/Mn1B/yl1ZtbtKvEm9pRugThf",
              "baseKeyType": 1,
              "closed": -1,
              "used": 1676963973742,
              "created": 1676963973742,
              "remoteIdentityKey": "BWRHJPoMh4LM++AQrEu5z5knTHsmLIvNNGDUG9q9fEB1"
            },
            "_chains": {
              "BX1DzXoidgcrafxa7YahzGWWZDht3DWxbjQraaVPNCM9": {
                "chainKey": {
                  "counter": 11,
                  "key": "95shJDoW6+WSMrDGfwTJn8pwBcVayCRjdKn+Zy+fXAM="
                },
                "chainType": 1,
                "messageKeys": {}
              }
            },
            "pendingPreKey": {
              "signedKeyId": 0,
              "baseKey": "BVLBMqmkxDdFfZTUaYe/Mn1B/yl1ZtbtKvEm9pRugThf",
              "preKeyId": 6051556
            }
          }
        },
        "version": "v1"
      },
      "6281775468889:1.0": {
        "_sessions": {
          "BZ0mT8Evg/EafpRFesU+y/YUkAf1kqWX4yrANcuapr1T": {
            "registrationId": 6,
            "currentRatchet": {
              "ephemeralKeyPair": {
                "pubKey": "BaTkobptUJFlTJPFOn+mnWjG+Y7zD7lXdhg/a9Xrrjsz",
                "privKey": "yKoYJN6IjzOiIwc1qM7yX0hKV5nyqU0bUuu8DEv8kFY="
              },
              "lastRemoteEphemeralKey": "BULaFdPCgcpcx2MXmra7w7WGUn65GgXE7Qkun8mQEXEI",
              "previousCounter": 0,
              "rootKey": "e26fBXJNLKxxTBr2yDZEYJyoFM7aNk6q29PpA9/6YeQ="
            },
            "indexInfo": {
              "baseKey": "BZ0mT8Evg/EafpRFesU+y/YUkAf1kqWX4yrANcuapr1T",
              "baseKeyType": 1,
              "closed": -1,
              "used": 1676953342364,
              "created": 1676953342364,
              "remoteIdentityKey": "Bc2uYeK63h5g4H+mKO8UXBXK5s+e2P5tw9dJ91AA8Pte"
            },
            "_chains": {
              "BaTkobptUJFlTJPFOn+mnWjG+Y7zD7lXdhg/a9Xrrjsz": {
                "chainKey": {
                  "counter": 22,
                  "key": "mkQlXptmzyfwdPG1+dBwdD/m3BXAkLiUxeIL/PjVvBQ="
                },
                "chainType": 1,
                "messageKeys": {}
              }
            },
            "pendingPreKey": {
              "signedKeyId": 1,
              "baseKey": "BZ0mT8Evg/EafpRFesU+y/YUkAf1kqWX4yrANcuapr1T",
              "preKeyId": 29
            }
          }
        },
        "version": "v1"
      },
      "6281775468889:2.0": {
        "_sessions": {
          "BfnitiqBXkbLi2B98HCEJfhMvVGhg2tPeQfQ4D6q0wFF": {
            "registrationId": 159,
            "currentRatchet": {
              "ephemeralKeyPair": {
                "pubKey": "BbaSNCirXGsxSqP2xoJ5iTlMSLPAjuIiCBXkdMdzFOEM",
                "privKey": "SMqF9zxaJLgmtfCeZ67hU9A/thRHegNDy3+7Y1mqjXM="
              },
              "lastRemoteEphemeralKey": "Bf7k76rQQYIGvIPGBMsuqqG8Fh5+RWbaarVsgzXLn28c",
              "previousCounter": 0,
              "rootKey": "ytmkaI2vEi13oZ1d/sXrmKXlBxcObaQZ3PwhjwmsUiU="
            },
            "indexInfo": {
              "baseKey": "BfnitiqBXkbLi2B98HCEJfhMvVGhg2tPeQfQ4D6q0wFF",
              "baseKeyType": 1,
              "closed": -1,
              "used": 1676953342380,
              "created": 1676953342380,
              "remoteIdentityKey": "BXXx3kptou+Aff72A1wSkIHhvadSqPfmCZG0yAqiN2wP"
            },
            "_chains": {
              "BbaSNCirXGsxSqP2xoJ5iTlMSLPAjuIiCBXkdMdzFOEM": {
                "chainKey": {
                  "counter": 31,
                  "key": "k/kXv544tXPhlNKU0PS6rweoVXN70aC2uJR6DkHX9zw="
                },
                "chainType": 1,
                "messageKeys": {}
              }
            },
            "pendingPreKey": {
              "signedKeyId": 1,
              "baseKey": "BfnitiqBXkbLi2B98HCEJfhMvVGhg2tPeQfQ4D6q0wFF",
              "preKeyId": 9
            }
          }
        },
        "version": "v1"
      },
      "6281906523262.0": {
        "_sessions": {
          "BdjdIid+Swk1Y1jolxxYkmzvVOWS0NxqYgN4Jcdi/hgn": {
            "registrationId": 57110729,
            "currentRatchet": {
              "ephemeralKeyPair": {
                "pubKey": "BeEMEoYIppp7AAJbYjbIL9a7Is94ySzmOBIH48pdHrop",
                "privKey": "SEqw9Z2TSO5gdXPdma0xMWvF5wi8V0PG7Zacc6AWOUs="
              },
              "lastRemoteEphemeralKey": "BTAdc4+Vs5TkC4qBtoe3qxIlz8lC1aX73b38XF5ArXhD",
              "previousCounter": 0,
              "rootKey": "PtgPnI3MtNxTq/8VZZDmbdegurSOOhvJZRMuuS3Z9zM="
            },
            "indexInfo": {
              "baseKey": "BdjdIid+Swk1Y1jolxxYkmzvVOWS0NxqYgN4Jcdi/hgn",
              "baseKeyType": 2,
              "closed": 1676964005390,
              "used": 1676955876782,
              "created": 1676953373647,
              "remoteIdentityKey": "Bb3J1w5ja+BmBOZBmn7/n6p2vZZOFH2fE25D0IxHKaBP"
            },
            "_chains": {
              "BVNhv4VdSb47/hOI2JEbeNRLEaKH95Om+0yOdykrZipF": {
                "chainKey": {
                  "counter": 1
                },
                "chainType": 2,
                "messageKeys": {}
              },
              "BX//DRBJWkK08AvomKiZXvm/Ci/RkkzqplnudLeQg+tv": {
                "chainKey": {
                  "counter": 0
                },
                "chainType": 2,
                "messageKeys": {}
              },
              "BS8TjSFc84l7+ji9F1TJ09jtFKb23oCscbSqyT9mRlZZ": {
                "chainKey": {
                  "counter": 0
                },
                "chainType": 2,
                "messageKeys": {}
              },
              "BT2gu6cAA5dSQQJl5UoCojDrRPy3zWak1LYwDbIJ071z": {
                "chainKey": {
                  "counter": 0
                },
                "chainType": 2,
                "messageKeys": {}
              },
              "BblrA8z1D4AKXD/zWRJQFG2WpDlpE6dQVpNrLunQDWoq": {
                "chainKey": {
                  "counter": 0
                },
                "chainType": 2,
                "messageKeys": {}
              },
              "BfRmjjs+TDMFNgRiJM/dKMu548SmGhy62wkQtYWQSmZa": {
                "chainKey": {
                  "counter": 0
                },
                "chainType": 2,
                "messageKeys": {}
              },
              "BT2N9tUMst8h4mWm+XrkprtjinKFkcaBJ0pWCcSyYRYH": {
                "chainKey": {
                  "counter": 0
                },
                "chainType": 2,
                "messageKeys": {}
              },
              "BYKI8irgtzHtsPkcBvCZnlir+QYaPbDCSqr9bY9hNHow": {
                "chainKey": {
                  "counter": 0
                },
                "chainType": 2,
                "messageKeys": {}
              },
              "BdnlucR3S02pnyY36qRf3jHSy1s7iKs1SubJYIOuBoNK": {
                "chainKey": {
                  "counter": 0
                },
                "chainType": 2,
                "messageKeys": {}
              },
              "BTSKou3HeS4+2sQtseCKDQNMGs4dbphph07kGhqotq06": {
                "chainKey": {
                  "counter": 0
                },
                "chainType": 2,
                "messageKeys": {}
              },
              "BfgVXZYaxKR9GrDwMiXODUYK6U/NUGv25kuoiwUyyPFS": {
                "chainKey": {
                  "counter": 0
                },
                "chainType": 2,
                "messageKeys": {}
              },
              "BbQu3o+ZJ7sFTmptHlT5E/cTy8hfhOndUconhD7VkiFa": {
                "chainKey": {
                  "counter": 0
                },
                "chainType": 2,
                "messageKeys": {}
              },
              "BXkgALM0f/29gaX4Ga2W6XHi44lqiPGEfESMDS61zA8Q": {
                "chainKey": {
                  "counter": 0
                },
                "chainType": 2,
                "messageKeys": {}
              },
              "Bcdj8VtwYKwTwjvuKzRvF11lg5a7hVbRPdz6cIxPzFws": {
                "chainKey": {
                  "counter": 0
                },
                "chainType": 2,
                "messageKeys": {}
              },
              "BZ+2VLfZUpWAmEWXU7avwJ4Kg0LJ7SXu/AiMsHFy87g3": {
                "chainKey": {
                  "counter": 0
                },
                "chainType": 2,
                "messageKeys": {}
              },
              "BTAdc4+Vs5TkC4qBtoe3qxIlz8lC1aX73b38XF5ArXhD": {
                "chainKey": {
                  "counter": 0,
                  "key": "RliTL1agn+jxDNcgy/f84eU/gWrpWobcgFWhtelithA="
                },
                "chainType": 2,
                "messageKeys": {}
              },
              "BeEMEoYIppp7AAJbYjbIL9a7Is94ySzmOBIH48pdHrop": {
                "chainKey": {
                  "counter": 0,
                  "key": "eXcOFmj0oqvbPCiJhfatjjs+/eajz6VRmXuqlcL7O2k="
                },
                "chainType": 1,
                "messageKeys": {}
              }
            }
          },
          "BRsXUGxrpJZHp8nm3bpa0dpfuC/B7FkMzNBQ8iCJhxdu": {
            "registrationId": 57110729,
            "currentRatchet": {
              "ephemeralKeyPair": {
                "pubKey": "BZ72F81DDtIaw9DWKDYw0tf4WIqVp0nj/afUbfL7TwN7",
                "privKey": "CFxMscGpS+1LduLXeCqQIl3ZV6ZSxeHYjs3Z0RyHql0="
              },
              "lastRemoteEphemeralKey": "BVePt3O+s9sFddR1qsv9rl8sIDrLxMzsWhMltjWcvYIT",
              "previousCounter": 0,
              "rootKey": "GAcFy4+moYVBx7ot/OCjNxnl9W+gwLkM6aKhHH32NOo="
            },
            "indexInfo": {
              "baseKey": "BRsXUGxrpJZHp8nm3bpa0dpfuC/B7FkMzNBQ8iCJhxdu",
              "baseKeyType": 2,
              "closed": -1,
              "used": 1676966927660,
              "created": 1676964005408,
              "remoteIdentityKey": "Bb3J1w5ja+BmBOZBmn7/n6p2vZZOFH2fE25D0IxHKaBP"
            },
            "_chains": {
              "Bcw7iynOTnH3LU7TlNlB8YO1YEsDJafkmmyaTmhOhTgT": {
                "chainKey": {
                  "counter": 0
                },
                "chainType": 2,
                "messageKeys": {}
              },
              "BcQLhlkJ95ZspwKyofg0BVve30Ibt8ZcnyCSD2yiZXBh": {
                "chainKey": {
                  "counter": 1
                },
                "chainType": 2,
                "messageKeys": {}
              },
              "Be04gBfDMmP07zSs6sBlb25YahtqGcVpUCZe8nSWZMlj": {
                "chainKey": {
                  "counter": 4
                },
                "chainType": 2,
                "messageKeys": {}
              },
              "BZevowvNqgJu8BivnPR9obXL9tE1PCoFwhp2fMFsJKoG": {
                "chainKey": {
                  "counter": 1
                },
                "chainType": 2,
                "messageKeys": {}
              },
              "BVePt3O+s9sFddR1qsv9rl8sIDrLxMzsWhMltjWcvYIT": {
                "chainKey": {
                  "counter": 2,
                  "key": "YphH0+wOyGNC431uCv8xj0O6ywYLt5e0NGpAWdHEgtM="
                },
                "chainType": 2,
                "messageKeys": {}
              },
              "BZ72F81DDtIaw9DWKDYw0tf4WIqVp0nj/afUbfL7TwN7": {
                "chainKey": {
                  "counter": -1,
                  "key": "R9LPVF/amB5es4EuT9zR2tKUJNVMVdYqXlaq9FaloxM="
                },
                "chainType": 1,
                "messageKeys": {}
              }
            }
          }
        },
        "version": "v1"
      },
      "6281906523262:28.0": {
        "_sessions": {
          "BfefSJ+KeChRoDWa5/Y1c1HfN3OBla6J6RakHm1E0DtA": {
            "registrationId": 16149,
            "currentRatchet": {
              "ephemeralKeyPair": {
                "pubKey": "BZqjWVKrRjSIrpzUHWankoI3fm6X/Ole+Se6XRITwPsP",
                "privKey": "mNxwBf0mkZLbGxKRTaTgat+ExVEmqXZsuJPNGjy5X0w="
              },
              "lastRemoteEphemeralKey": "BQxOXkNu8zW9PqfvdBPf2PGnDbLTrqCzrNp9RwiIsjo+",
              "previousCounter": 0,
              "rootKey": "XaB2PwACwEZLs0HF27DhnnuH5GJZV9VP27DYfbQzzZY="
            },
            "indexInfo": {
              "baseKey": "BfefSJ+KeChRoDWa5/Y1c1HfN3OBla6J6RakHm1E0DtA",
              "baseKeyType": 1,
              "closed": -1,
              "used": 1676953378244,
              "created": 1676953378244,
              "remoteIdentityKey": "BdExDyb7i1Qzdr1uBFiAP1Rf2ZBq418OtqxETmXK7VpP"
            },
            "_chains": {
              "BZqjWVKrRjSIrpzUHWankoI3fm6X/Ole+Se6XRITwPsP": {
                "chainKey": {
                  "counter": 19,
                  "key": "L+cOkZInorOfhNyMjfALdsOQ6cWpLhUBa/9Qdxs/IEY="
                },
                "chainType": 1,
                "messageKeys": {}
              }
            },
            "pendingPreKey": {
              "signedKeyId": 5,
              "baseKey": "BfefSJ+KeChRoDWa5/Y1c1HfN3OBla6J6RakHm1E0DtA",
              "preKeyId": 704
            }
          }
        },
        "version": "v1"
      },
      "6281906523262:31.0": {
        "_sessions": {
          "BbpV7Rg5K/ixCRbzhRApceUB0GneEtjU722twoxmIERG": {
            "registrationId": 1153,
            "currentRatchet": {
              "ephemeralKeyPair": {
                "pubKey": "BSp+X6S7QNK6ZJyloH5eQi/jaT/5dwoYTlVlDieFd91Z",
                "privKey": "WFM7arWzGEsGHWcuRgh/TUY2baO0q1tqGbhtLXd3uV4="
              },
              "lastRemoteEphemeralKey": "BdSvAzIG0CdugYnjXQKu5robCF8V+QyZEMqJZfz2ZihA",
              "previousCounter": 0,
              "rootKey": "fp02NtaATqFR6JTjc98uxHfI5eETfnCOhgHvezl9VT8="
            },
            "indexInfo": {
              "baseKey": "BbpV7Rg5K/ixCRbzhRApceUB0GneEtjU722twoxmIERG",
              "baseKeyType": 1,
              "closed": -1,
              "used": 1676953378259,
              "created": 1676953378259,
              "remoteIdentityKey": "BVycGyVGk0TwAHpQc75YQAzGtrgTP6+kbmLPIscYNz1o"
            },
            "_chains": {
              "BSp+X6S7QNK6ZJyloH5eQi/jaT/5dwoYTlVlDieFd91Z": {
                "chainKey": {
                  "counter": 19,
                  "key": "GgUYTIMrdzHy+jYw04iNoAjo1nVeaOhNDSuS6nTVoxE="
                },
                "chainType": 1,
                "messageKeys": {}
              }
            },
            "pendingPreKey": {
              "signedKeyId": 1,
              "baseKey": "BbpV7Rg5K/ixCRbzhRApceUB0GneEtjU722twoxmIERG",
              "preKeyId": 17
            }
          }
        },
        "version": "v1"
      },
      "628976067644.0": {
        "_sessions": {
          "BUPH2Ru4GtzDDtEc0IDl94ylZPEizlsv87giw0fK2p9L": {
            "registrationId": 1097105312,
            "currentRatchet": {
              "ephemeralKeyPair": {
                "pubKey": "BVTp+8StTbVRvw9MPc3Lj57h8vHPRCKMepV+nfD3QrFs",
                "privKey": "wCqv4KYhjVJmFJAjF8LNiXF1EqYQuOHLcczmc/xtmFk="
              },
              "lastRemoteEphemeralKey": "BRVKrV1METTjU6GVnsJDE1yAI2kxd75zFz1ttbs+9rcp",
              "previousCounter": 0,
              "rootKey": "Z9Vss35Cq2C4i8rnFZfwE7C0FgfqCY40MgB3ib+FFhs="
            },
            "indexInfo": {
              "baseKey": "BUPH2Ru4GtzDDtEc0IDl94ylZPEizlsv87giw0fK2p9L",
              "baseKeyType": 2,
              "closed": -1,
              "used": 1676955735642,
              "created": 1676955317693,
              "remoteIdentityKey": "BWVKXY7I2gp9rq+l3NY9GODsgjzlF5IOWSowk+Ojhzsv"
            },
            "_chains": {
              "BQmldBbeptINHxpRWtMRWJQYGhCAwmFghMCnDELbwml+": {
                "chainKey": {
                  "counter": 2
                },
                "chainType": 2,
                "messageKeys": {}
              },
              "BRodkBP0rNsW+J9c1a+K2PjgCUiWCSQAuwQ3976f0R04": {
                "chainKey": {
                  "counter": 1
                },
                "chainType": 2,
                "messageKeys": {}
              },
              "BRVKrV1METTjU6GVnsJDE1yAI2kxd75zFz1ttbs+9rcp": {
                "chainKey": {
                  "counter": 0,
                  "key": "PilsvgOG7585Dvm8fscBVuMKC1pgUqGkkDPiSJ2l/Mk="
                },
                "chainType": 2,
                "messageKeys": {}
              },
              "BVTp+8StTbVRvw9MPc3Lj57h8vHPRCKMepV+nfD3QrFs": {
                "chainKey": {
                  "counter": 0,
                  "key": "eNrK4bD+JpwCYllBOvhePlWqFPgPaIBOBQU5pfhYykg="
                },
                "chainType": 1,
                "messageKeys": {}
              }
            }
          }
        },
        "version": "v1"
      },
      "6281775468889:4.0": {
        "_sessions": {
          "Ba497NtKbz1yxAvBM58yyMF/KogRPp9S2+ioq9dZK0Yo": {
            "registrationId": 23,
            "currentRatchet": {
              "ephemeralKeyPair": {
                "pubKey": "BRHjpy/PMJVY8GcR9eGlPMnaXuGDPgKbs9IFWrUJvwQ4",
                "privKey": "+AN57mf+2yBGqP63YMHuiFMA6YUFpKRVJ7H4pk6t/1s="
              },
              "lastRemoteEphemeralKey": "BXpGKjWw6Sn8iTT9Za0tSQafj79ej1yetlZ52Z38q6Nv",
              "previousCounter": 0,
              "rootKey": "jnKxf661l5Hzknqk7PZ1ly4pgXGGiVBwUfJsjgaRoO8="
            },
            "indexInfo": {
              "baseKey": "Ba497NtKbz1yxAvBM58yyMF/KogRPp9S2+ioq9dZK0Yo",
              "baseKeyType": 2,
              "closed": -1,
              "used": 1676956424338,
              "created": 1676956424338,
              "remoteIdentityKey": "BWTiKi0FfRQiScY6tiLDYdgBJJ7q7ru1I+IhB9sPJUNR"
            },
            "_chains": {
              "BXpGKjWw6Sn8iTT9Za0tSQafj79ej1yetlZ52Z38q6Nv": {
                "chainKey": {
                  "counter": 0,
                  "key": "I8cT6WDZ7Rm0fwkI2RmUOG+d6sD7vJPiGekG/EMwEtQ="
                },
                "chainType": 2,
                "messageKeys": {}
              },
              "BRHjpy/PMJVY8GcR9eGlPMnaXuGDPgKbs9IFWrUJvwQ4": {
                "chainKey": {
                  "counter": 8,
                  "key": "TPTTxYfCu6fYwNy9AfXmsaJVadVTosExCuSQa0ZMwPY="
                },
                "chainType": 1,
                "messageKeys": {}
              }
            }
          }
        },
        "version": "v1"
      },
      "6281775468889:5.0": {
        "_sessions": {
          "BUwJsl1fEQgcA52esEmBZG8lM3ulwfno1bQewHR5leQI": {
            "registrationId": 107,
            "currentRatchet": {
              "ephemeralKeyPair": {
                "pubKey": "BeyvJLnpoxA0wiTHTTfyezDoINYwzWjhhunuNpVeCT0b",
                "privKey": "QFI/+KoQGAVxWjQyJCs5W+tMakI3hZQGAJE2ViC9olI="
              },
              "lastRemoteEphemeralKey": "BRmF3Zop9itqbEZY3dnQ73B10wXL/rmAeKHjzI45eBQv",
              "previousCounter": 0,
              "rootKey": "gbQQt+kLHilSxDzSCGGUMdmJ41dExJVGCxWEDZU0zjM="
            },
            "indexInfo": {
              "baseKey": "BUwJsl1fEQgcA52esEmBZG8lM3ulwfno1bQewHR5leQI",
              "baseKeyType": 1,
              "closed": -1,
              "used": 1676963971666,
              "created": 1676963971666,
              "remoteIdentityKey": "BVdV8csrEhMoj99KZg0VfYlhTnZampsy/AMmOMby1qV5"
            },
            "_chains": {
              "BeyvJLnpoxA0wiTHTTfyezDoINYwzWjhhunuNpVeCT0b": {
                "chainKey": {
                  "counter": 8,
                  "key": "QGtjmNpe2tgPazLPH1Gmrtc1DlpX6Wsp71JbxLYZwcw="
                },
                "chainType": 1,
                "messageKeys": {}
              }
            },
            "pendingPreKey": {
              "signedKeyId": 1,
              "baseKey": "BUwJsl1fEQgcA52esEmBZG8lM3ulwfno1bQewHR5leQI",
              "preKeyId": 36
            }
          }
        },
        "version": "v1"
      },
      "6283149626454.0": {
        "_sessions": {
          "BacCpO8T5uBAe1ZP3CLHa0MCstEF7JWHhYF4Lu7D1Wo8": {
            "registrationId": 1327562032,
            "currentRatchet": {
              "ephemeralKeyPair": {
                "pubKey": "BatPktmdSBMzW+Btxibzhgix/fffCZU9UGE0db+r+Zdu",
                "privKey": "kCoT6Gv0xcYw89EXLy4hJzg7xKxy0QFIOi0cR9Qfk1E="
              },
              "lastRemoteEphemeralKey": "BZ4rj2ck5b+i4r523u+1SqdpLSrkZpZtfDaFm3kJ3x1I",
              "previousCounter": 0,
              "rootKey": "FAXnhi6XxT3HC7kqKmoxY8R47lh19IhZCF50JPWxJxc="
            },
            "indexInfo": {
              "baseKey": "BacCpO8T5uBAe1ZP3CLHa0MCstEF7JWHhYF4Lu7D1Wo8",
              "baseKeyType": 2,
              "closed": -1,
              "used": 1676965838875,
              "created": 1676965838875,
              "remoteIdentityKey": "BaOdeF7ZSVChqiUh56wPUBaArDz/rlMKEKPLgi2Y0Vk6"
            },
            "_chains": {
              "BZ4rj2ck5b+i4r523u+1SqdpLSrkZpZtfDaFm3kJ3x1I": {
                "chainKey": {
                  "counter": 2,
                  "key": "hn3B7sIvBzSOtIxwfLHP7xv+I6d7UieqnOLUbNMxx8Q="
                },
                "chainType": 2,
                "messageKeys": {}
              },
              "BatPktmdSBMzW+Btxibzhgix/fffCZU9UGE0db+r+Zdu": {
                "chainKey": {
                  "counter": -1,
                  "key": "CuhrFnUSnd6hvmyBK+z4Jj/JA66QdPV59VtzQb0W7OA="
                },
                "chainType": 1,
                "messageKeys": {}
              }
            }
          }
        },
        "version": "v1"
      }
    },
    "appStateSyncKeys": {
      "AAAAAJox": {
        "keyData": "Ri9GLtJG9RVeCVuhiqPisSQx6kNE8jO/3sF2uVvie2g=",
        "fingerprint": {
          "rawId": 991520672,
          "currentIndex": 1,
          "deviceIndexes": [
            0,
            1
          ]
        },
        "timestamp": "1676952684714"
      }
    },
    "appStateVersions": {
      "critical_block": {
        "version": 1,
        "hash": {
          "type": "Buffer",
          "data": "Ep5rNfcw4JlMGrUVb+KesjsXvqvvIPg2RQXt09ncBWbvYwFVqo2v5c3Fq7te2kpap73M/Smsf91iNW//raNhEPWxbMOY6BxVI6DIsPUh/gP2DwFszbJwFKctyeNW+r23+Zce6yTQgOaezB3+xUF57LV7glS+XrFUo9x+hng+5gA="
        },
        "indexValueMap": {
          "uqv/+OlYU8ifDDRhIPoNJ1USAIiTuSf8ECEAHdk2X1E=": {
            "valueMac": {
              "type": "Buffer",
              "data": "NicMIit7Me8ibJ5IVODAllkoUP/EzoOC+aZMLsnONGU="
            }
          },
          "lPSuTg1hmfK//4rXh2tABgvUzPqwZ45Dc/qwoghzHDU=": {
            "valueMac": {
              "type": "Buffer",
              "data": "cDvY35yHrN3zqNVymZzyWXcfZpQSR1k9Odu1iETbXzE="
            }
          }
        }
      },
      "regular": {
        "version": 1,
        "hash": {
          "type": "Buffer",
          "data": "AglhpA2hUbuWX0IzA6gtmptnJCN+/9X0Q+ykk63YhIrJPxfFoifk/10lBhjcRzWPEC2y2qQ6atqQOXUlZUG2shskHmMmDKpcbdVaUX9Y24sOBg+4Mget6+t9Qx+sWMgXg6yVqCxlMDE3jGOCeEUYqS7eStF92Z0SS8ft9gkHMkU="
        },
        "indexValueMap": {
          "TK1el4cyJjOQRtJuOlbmsSElFWxDY2MJkUwFtmZHsRE=": {
            "valueMac": {
              "type": "Buffer",
              "data": "AA6YfOC+9aJstAfRRw/Y62+lH7T68/ESCfC2PMZCy8U="
            }
          }
        }
      },
      "regular_low": {
        "version": 1,
        "hash": {
          "type": "Buffer",
          "data": "c+HpUSR37sY2Z89IfdZZnLxRAXuni8tcKrVlFQZ9q05eIPoIx12XSaiPRWO1MRkFOUKv8Yy5PBAOSw1cvSx+KFKjeMCPvi8IqmpbAfzE22td5TBg1nIcCSXIJsBpvp+k9u2qEN6Od40Yk0Fl3QbEjW3+u5XhTN2B7tLjxOxlzzU="
        },
        "indexValueMap": {
          "q/ckNKMvKqu5G0TZ2Ze36KM1G8e4Hcc+PYwSq3lw0Bg=": {
            "valueMac": {
              "type": "Buffer",
              "data": "27ub3kHwu2f3qj8F8J0WlvA8Ya2CgX49IN+5L8jkK1k="
            }
          },
          "pIOnJt21K23R7HHt+FHjM4rF1LU+wGCKD+UMitd+czY=": {
            "valueMac": {
              "type": "Buffer",
              "data": "aFS+siKOZD4ORv0IlqCtJTenoK8ni6aP+2XEWCL+u9o="
            }
          },
          "tYXwG3UhuZwATtLxALTBm8ywP1hh7bGAeePmLNlfj1A=": {
            "valueMac": {
              "type": "Buffer",
              "data": "c5Q4Z/RwdCFnjll31QyB+bMZ9skc9W1uqrc9kUUexCk="
            }
          },
          "v+UH32rDy3waeZZ5KEgSHpGi8k8TRcmf1ur+HMWrSIw=": {
            "valueMac": {
              "type": "Buffer",
              "data": "r8EUDzdx1YgRA+AegO5nM64+xFMTwA73SagqyBDwHaU="
            }
          }
        }
      },
      "regular_high": {
        "version": 1,
        "hash": {
          "type": "Buffer",
          "data": "LpXKWbnpqUVanB3wgD5PKS32opYhJ4TeVeveMGPJ9gr5KN18t8EHKAfJO5WfKBnFESGUjwFsxFNmwJ43utH8gAkGuN5yHIzu8vAQUv3bDnL34y7LBmNSnduCX8irOChatvn/QMRFnCt59XCKCvGaeamcaggdku6bXoKLxk1/s5s="
        },
        "indexValueMap": {
          "NEA2GhIFneDuQQG3IBF7ss8hozgSoi3XnE8In2IIsAs=": {
            "valueMac": {
              "type": "Buffer",
              "data": "4YtkNwNHKsr11NlyPfuZ5b4hN9ub95Wrg3qWkrv8GyY="
            }
          }
        }
      }
    }
  }
}